{
  "round_num": 10,
  "global_summary": {
    "paid_search": {
      "mean": -7.639900423382809,
      "std": 6.291498331890383
    },
    "tv": {
      "mean": 4.476323965378154,
      "std": 0.39120797429896925
    },
    "ooh": {
      "mean": -6.84350684799487,
      "std": 8.371696457598585
    },
    "social": {
      "mean": 0.49869020605397996,
      "std": 6.78514202714716
    }
  },
  "per_participant_surprise": {
    "participant_1": {
      "ooh": 0.3263864372001518,
      "paid_search": 0.3263864372001518,
      "social": 0.3263864372001518,
      "tv": 0.3263864372001518
    },
    "participant_2": {
      "ooh": 0.3263864372001518,
      "paid_search": 0.3263864372001518,
      "social": 0.3263864372001518,
      "tv": 0.3263864372001518
    }
  },
  "epsilon_spent_per_participant": 0.6,
  "epsilon_spent_total": 1.2
}