{
  "round_num": 2,
  "global_summary": {
    "paid_search": {
      "mean": 1.6939882040023804
    },
    "social": {
      "mean": -1.2602908611297607
    },
    "tv": {
      "mean": 4.03300142288208
    },
    "ooh": {
      "mean": -0.6969816088676453
    }
  }
}