{
  "round_num": 3,
  "global_summary": {
    "paid_search": {
      "mean": -4.83974393272346,
      "std": 6.31013725958148
    },
    "tv": {
      "mean": 3.5934464613381354,
      "std": 3.812483191384338
    },
    "ooh": {
      "mean": 3.494050874720476,
      "std": 0.37698527781840696
    },
    "social": {
      "mean": -1.4774071012555026,
      "std": 0.8720930931833184
    }
  },
  "per_participant_surprise": {
    "participant_1": {
      "ooh": 0.3263864372001518,
      "paid_search": 0.3263864372001518,
      "social": 0.3263864372001518,
      "tv": 0.3263864372001518
    },
    "participant_2": {
      "ooh": 0.3263864372001518,
      "paid_search": 0.3263864372001518,
      "social": 0.3263864372001518,
      "tv": 0.3263864372001518
    }
  },
  "epsilon_spent_per_participant": 0.6,
  "epsilon_spent_total": 1.2
}