{
  "round_num": 3,
  "global_summary": {
    "tv": {
      "mean": 8.44640917248763,
      "std": 3.658027127927326
    },
    "social": {
      "mean": 9.996290652783966,
      "std": 8.884287712699784
    },
    "ooh": {
      "mean": -0.912267587545398,
      "std": 9.862697811466946
    },
    "paid_search": {
      "mean": 4.309631213425508,
      "std": 4.694922899885372
    }
  },
  "per_participant_surprise": {
    "participant_1": {
      "ooh": 0.3263864372001518,
      "paid_search": 0.3263864372001518,
      "social": 0.3263864372001518,
      "tv": 0.3263864372001518
    },
    "participant_2": {
      "ooh": 0.3263864372001518,
      "paid_search": 0.3263864372001518,
      "social": 0.3263864372001518,
      "tv": 0.3263864372001518
    }
  },
  "epsilon_spent_per_participant": 0.6,
  "epsilon_spent_total": 1.2
}