{
  "round_num": 2,
  "global_summary": {
    "social": {
      "mean": 2.719508019358932,
      "std": 0.8665834653875545
    },
    "paid_search": {
      "mean": 2.1021135231657295,
      "std": 10.584584380568776
    },
    "tv": {
      "mean": 5.804687765321479,
      "std": 1.4258301830358253
    },
    "ooh": {
      "mean": 2.021250935020869,
      "std": 12.662188077521343
    }
  },
  "per_participant_surprise": {
    "participant_1": {
      "ooh": 0.3263864372001518,
      "paid_search": 0.3263864372001518,
      "social": 0.3263864372001518,
      "tv": 0.3263864372001518
    },
    "participant_2": {
      "ooh": 0.3263864372001518,
      "paid_search": 0.3263864372001518,
      "social": 0.3263864372001518,
      "tv": 0.3263864372001518
    }
  },
  "epsilon_spent_per_participant": 0.6,
  "epsilon_spent_total": 1.2
}