{
  "round_num": 8,
  "global_summary": {
    "tv": {
      "mean": 1.4557124941389818,
      "std": 6.337741739543704
    },
    "social": {
      "mean": -3.2294845956048115,
      "std": 2.706535689192537
    },
    "ooh": {
      "mean": 12.230537330795109,
      "std": 3.0093941124998347
    },
    "paid_search": {
      "mean": -2.457503522686637,
      "std": 6.796533352886807
    }
  },
  "per_participant_surprise": {
    "participant_1": {
      "ooh": 0.3263864372001518,
      "paid_search": 0.3263864372001518,
      "social": 0.3263864372001518,
      "tv": 0.3263864372001518
    },
    "participant_2": {
      "ooh": 0.3263864372001518,
      "paid_search": 0.3263864372001518,
      "social": 0.3263864372001518,
      "tv": 0.3263864372001518
    }
  },
  "epsilon_spent_per_participant": 0.6,
  "epsilon_spent_total": 1.2
}