{
  "round_num": 5,
  "global_summary": {
    "paid_search": {
      "mean": -3.6237773037962375,
      "std": 8.338113351920788
    },
    "tv": {
      "mean": 11.327088660507023,
      "std": 6.927733420562466
    },
    "ooh": {
      "mean": -8.706111580298906,
      "std": 5.7621386185135925
    },
    "social": {
      "mean": 1.304593359513642,
      "std": 6.468880716274718
    }
  },
  "per_participant_surprise": {
    "participant_1": {
      "ooh": 0.3263864372001518,
      "paid_search": 0.3263864372001518,
      "social": 0.3263864372001518,
      "tv": 0.3263864372001518
    },
    "participant_2": {
      "ooh": 0.3263864372001518,
      "paid_search": 0.3263864372001518,
      "social": 0.3263864372001518,
      "tv": 0.3263864372001518
    }
  },
  "epsilon_spent_per_participant": 0.6,
  "epsilon_spent_total": 1.2
}