{
  "round_num": 1,
  "global_summary": {
    "social": {
      "mean": 5.673143000310395,
      "std": 3.6438363990669975
    },
    "paid_search": {
      "mean": -4.3111664786842985,
      "std": 7.417997992341107
    },
    "tv": {
      "mean": -6.520218090631081,
      "std": 2.740333866545822
    },
    "ooh": {
      "mean": 4.701278048696118,
      "std": 6.765392606297339
    }
  },
  "per_participant_surprise": {
    "participant_1": {
      "ooh": 0.3263864372001518,
      "paid_search": 0.3263864372001518,
      "social": 0.3263864372001518,
      "tv": 0.3263864372001518
    },
    "participant_2": {
      "ooh": 0.3263864372001518,
      "paid_search": 0.3263864372001518,
      "social": 0.3263864372001518,
      "tv": 0.3263864372001518
    }
  },
  "epsilon_spent_per_participant": 0.6,
  "epsilon_spent_total": 1.2
}