{
  "round_num": 2,
  "global_summary": {
    "paid_search": {
      "mean": -10.016519546508789
    },
    "social": {
      "mean": -3.4542555809020996
    },
    "tv": {
      "mean": -6.648623466491699
    },
    "ooh": {
      "mean": -4.364505290985107
    }
  }
}