{
  "round_num": 4,
  "global_summary": {
    "paid_search": {
      "mean": 5.1989374592423365,
      "std": 1.9354627108959856
    },
    "tv": {
      "mean": -2.8278787216422185,
      "std": 3.445449329713909
    },
    "ooh": {
      "mean": 2.3715012517357277,
      "std": 1.9508708634981582
    },
    "social": {
      "mean": 2.136994151139015,
      "std": 2.4172651282191944
    }
  },
  "per_participant_surprise": {
    "participant_1": {
      "ooh": 0.3263864372001518,
      "paid_search": 0.3263864372001518,
      "social": 0.3263864372001518,
      "tv": 0.3263864372001518
    },
    "participant_2": {
      "ooh": 0.3263864372001518,
      "paid_search": 0.3263864372001518,
      "social": 0.3263864372001518,
      "tv": 0.3263864372001518
    }
  },
  "epsilon_spent_per_participant": 0.6,
  "epsilon_spent_total": 1.2
}