{
  "round_num": 7,
  "global_summary": {
    "paid_search": {
      "mean": -9.677024537820557,
      "std": 8.849451475059709
    },
    "tv": {
      "mean": -2.3056179010011344,
      "std": 5.999713254958338
    },
    "ooh": {
      "mean": 6.267358307265113,
      "std": 0.6023732557365168
    },
    "social": {
      "mean": 2.706987869938508,
      "std": 8.969740392764717
    }
  },
  "per_participant_surprise": {
    "participant_1": {
      "ooh": 0.3263864372001518,
      "paid_search": 0.3263864372001518,
      "social": 0.3263864372001518,
      "tv": 0.3263864372001518
    },
    "participant_2": {
      "ooh": 0.3263864372001518,
      "paid_search": 0.3263864372001518,
      "social": 0.3263864372001518,
      "tv": 0.3263864372001518
    }
  },
  "epsilon_spent_per_participant": 0.6,
  "epsilon_spent_total": 1.2
}