{
  "round_num": 2,
  "global_summary": {
    "paid_search": {
      "mean": 3.8469974994659424
    },
    "social": {
      "mean": 1.8819942474365234
    },
    "tv": {
      "mean": 2.1229944229125977
    },
    "ooh": {
      "mean": 1.1436350345611572
    }
  }
}