{
  "round_num": 9,
  "global_summary": {
    "tv": {
      "mean": -4.5635646261912735,
      "std": 7.537033733197984
    },
    "social": {
      "mean": -5.237271317628314,
      "std": 6.945222194653092
    },
    "ooh": {
      "mean": -5.195804934992415,
      "std": 0.08167787410523393
    },
    "paid_search": {
      "mean": -8.780570619330963,
      "std": 6.0314304561843315
    }
  },
  "per_participant_surprise": {
    "participant_1": {
      "ooh": 0.3263864372001518,
      "paid_search": 0.3263864372001518,
      "social": 0.3263864372001518,
      "tv": 0.3263864372001518
    },
    "participant_2": {
      "ooh": 0.3263864372001518,
      "paid_search": 0.3263864372001518,
      "social": 0.3263864372001518,
      "tv": 0.3263864372001518
    }
  },
  "epsilon_spent_per_participant": 0.6,
  "epsilon_spent_total": 1.2
}