{
  "round_num": 10,
  "global_summary": {
    "tv": {
      "mean": 5.795104806533888,
      "std": 3.5584240670172083
    },
    "social": {
      "mean": -6.3594513984403385,
      "std": 5.907565027823542
    },
    "ooh": {
      "mean": -2.9513502297245493,
      "std": 6.347035548793622
    },
    "paid_search": {
      "mean": -7.943976670156482,
      "std": 7.325198316275116
    }
  },
  "per_participant_surprise": {
    "participant_1": {
      "ooh": 0.3263864372001518,
      "paid_search": 0.3263864372001518,
      "social": 0.3263864372001518,
      "tv": 0.3263864372001518
    },
    "participant_2": {
      "ooh": 0.3263864372001518,
      "paid_search": 0.3263864372001518,
      "social": 0.3263864372001518,
      "tv": 0.3263864372001518
    }
  },
  "epsilon_spent_per_participant": 0.6,
  "epsilon_spent_total": 1.2
}