{
  "round_num": 7,
  "global_summary": {
    "social": {
      "mean": 1.4463116208142255,
      "std": 3.2435899501425096
    },
    "paid_search": {
      "mean": -0.5366966546330103,
      "std": 1.2727218917551428
    },
    "tv": {
      "mean": -1.5080727351333838,
      "std": 7.58844014698169
    },
    "ooh": {
      "mean": 12.674335160035742,
      "std": 4.287145196475753
    }
  },
  "per_participant_surprise": {
    "participant_1": {
      "ooh": 0.3263864372001518,
      "paid_search": 0.3263864372001518,
      "social": 0.3263864372001518,
      "tv": 0.3263864372001518
    },
    "participant_2": {
      "ooh": 0.3263864372001518,
      "paid_search": 0.3263864372001518,
      "social": 0.3263864372001518,
      "tv": 0.3263864372001518
    }
  },
  "epsilon_spent_per_participant": 0.6,
  "epsilon_spent_total": 1.2
}