{
  "round_num": 5,
  "global_summary": {
    "tv": {
      "mean": -2.019620063993118,
      "std": 2.0192462509358426
    },
    "social": {
      "mean": 7.303497359171677,
      "std": 10.516964122504637
    },
    "ooh": {
      "mean": -1.1143953180129949,
      "std": 4.789258726746008
    },
    "paid_search": {
      "mean": 11.182608160178663,
      "std": 5.79615653562231
    }
  },
  "per_participant_surprise": {
    "participant_1": {
      "ooh": 0.3263864372001518,
      "paid_search": 0.3263864372001518,
      "social": 0.3263864372001518,
      "tv": 0.3263864372001518
    },
    "participant_2": {
      "ooh": 0.3263864372001518,
      "paid_search": 0.3263864372001518,
      "social": 0.3263864372001518,
      "tv": 0.3263864372001518
    }
  },
  "epsilon_spent_per_participant": 0.6,
  "epsilon_spent_total": 1.2
}