{
  "round_num": 7,
  "global_summary": {
    "tv": {
      "mean": -2.448750989756076,
      "std": 0.5305944661023535
    },
    "social": {
      "mean": 0.015383565891124218,
      "std": 1.1318499763081509
    },
    "ooh": {
      "mean": 2.1366287120312375,
      "std": 5.655194732071691
    },
    "paid_search": {
      "mean": 0.5407693797722521,
      "std": 0.1263512738028311
    }
  },
  "per_participant_surprise": {
    "participant_1": {
      "ooh": 0.3263864372001518,
      "paid_search": 0.3263864372001518,
      "social": 0.3263864372001518,
      "tv": 0.3263864372001518
    },
    "participant_2": {
      "ooh": 0.3263864372001518,
      "paid_search": 0.3263864372001518,
      "social": 0.3263864372001518,
      "tv": 0.3263864372001518
    }
  },
  "epsilon_spent_per_participant": 0.6,
  "epsilon_spent_total": 1.2
}