{
  "round_num": 10,
  "global_summary": {
    "social": {
      "mean": 7.008195871941076,
      "std": 1.1959291719024534
    },
    "paid_search": {
      "mean": -8.413833866056486,
      "std": 0.08722405514483866
    },
    "tv": {
      "mean": 1.0092845702864617,
      "std": 1.582697332951146
    },
    "ooh": {
      "mean": 2.9003110579697955,
      "std": 8.569024818777715
    }
  },
  "per_participant_surprise": {
    "participant_1": {
      "ooh": 0.3263864372001518,
      "paid_search": 0.3263864372001518,
      "social": 0.3263864372001518,
      "tv": 0.3263864372001518
    },
    "participant_2": {
      "ooh": 0.3263864372001518,
      "paid_search": 0.3263864372001518,
      "social": 0.3263864372001518,
      "tv": 0.3263864372001518
    }
  },
  "epsilon_spent_per_participant": 0.6,
  "epsilon_spent_total": 1.2
}