{
  "round_num": 6,
  "global_summary": {
    "paid_search": {
      "mean": -1.319233162195501,
      "std": 0.7664885995382641
    },
    "tv": {
      "mean": 8.074328998259734,
      "std": 4.70142325707082
    },
    "ooh": {
      "mean": -6.479823141519077,
      "std": 0.5421330011042508
    },
    "social": {
      "mean": 7.094399400640177,
      "std": 0.9235177638695652
    }
  },
  "per_participant_surprise": {
    "participant_1": {
      "ooh": 0.3263864372001518,
      "paid_search": 0.3263864372001518,
      "social": 0.3263864372001518,
      "tv": 0.3263864372001518
    },
    "participant_2": {
      "ooh": 0.3263864372001518,
      "paid_search": 0.3263864372001518,
      "social": 0.3263864372001518,
      "tv": 0.3263864372001518
    }
  },
  "epsilon_spent_per_participant": 0.6,
  "epsilon_spent_total": 1.2
}