{
  "round_num": 4,
  "global_summary": {
    "social": {
      "mean": -1.7330306552487769,
      "std": 1.597108834255757
    },
    "paid_search": {
      "mean": 9.382176279921783,
      "std": 4.74596930601332
    },
    "tv": {
      "mean": -5.761406691504194,
      "std": 9.119467112919832
    },
    "ooh": {
      "mean": -8.977886968062878,
      "std": 8.73633459070593
    }
  },
  "per_participant_surprise": {
    "participant_1": {
      "ooh": 0.3263864372001518,
      "paid_search": 0.3263864372001518,
      "social": 0.3263864372001518,
      "tv": 0.3263864372001518
    },
    "participant_2": {
      "ooh": 0.3263864372001518,
      "paid_search": 0.3263864372001518,
      "social": 0.3263864372001518,
      "tv": 0.3263864372001518
    }
  },
  "epsilon_spent_per_participant": 0.6,
  "epsilon_spent_total": 1.2
}