{
  "round_num": 8,
  "global_summary": {
    "paid_search": {
      "mean": -0.3406105374764472,
      "std": 10.040938018877341
    },
    "tv": {
      "mean": 0.5353971162988309,
      "std": 4.25866087910583
    },
    "ooh": {
      "mean": 0.1826800366005259,
      "std": 3.0350767603123905
    },
    "social": {
      "mean": -0.5700157311743554,
      "std": 15.11259546610515
    }
  },
  "per_participant_surprise": {
    "participant_1": {
      "ooh": 0.3263864372001518,
      "paid_search": 0.3263864372001518,
      "social": 0.3263864372001518,
      "tv": 0.3263864372001518
    },
    "participant_2": {
      "ooh": 0.3263864372001518,
      "paid_search": 0.3263864372001518,
      "social": 0.3263864372001518,
      "tv": 0.3263864372001518
    }
  },
  "epsilon_spent_per_participant": 0.6,
  "epsilon_spent_total": 1.2
}