{
  "round_num": 9,
  "global_summary": {
    "paid_search": {
      "mean": 7.591423929471175,
      "std": 8.696708035048246
    },
    "tv": {
      "mean": -0.20528793596370454,
      "std": 3.166735919614737
    },
    "ooh": {
      "mean": -2.336791786133687,
      "std": 6.949478582152062
    },
    "social": {
      "mean": -4.709568904594166,
      "std": 1.13029319126143
    }
  },
  "per_participant_surprise": {
    "participant_1": {
      "ooh": 0.3263864372001518,
      "paid_search": 0.3263864372001518,
      "social": 0.3263864372001518,
      "tv": 0.3263864372001518
    },
    "participant_2": {
      "ooh": 0.3263864372001518,
      "paid_search": 0.3263864372001518,
      "social": 0.3263864372001518,
      "tv": 0.3263864372001518
    }
  },
  "epsilon_spent_per_participant": 0.6,
  "epsilon_spent_total": 1.2
}