{
  "round_num": 9,
  "global_summary": {
    "social": {
      "mean": 4.3797826313866715,
      "std": 8.395067841525169
    },
    "paid_search": {
      "mean": -1.7506717088149597,
      "std": 4.0851495756889955
    },
    "tv": {
      "mean": 6.480374982749685,
      "std": 0.8303929598202093
    },
    "ooh": {
      "mean": 0.2044395350203787,
      "std": 2.8926321246208633
    }
  },
  "per_participant_surprise": {
    "participant_1": {
      "ooh": 0.3263864372001518,
      "paid_search": 0.3263864372001518,
      "social": 0.3263864372001518,
      "tv": 0.3263864372001518
    },
    "participant_2": {
      "ooh": 0.3263864372001518,
      "paid_search": 0.3263864372001518,
      "social": 0.3263864372001518,
      "tv": 0.3263864372001518
    }
  },
  "epsilon_spent_per_participant": 0.6,
  "epsilon_spent_total": 1.2
}