{
  "round_num": 5,
  "global_summary": {
    "social": {
      "mean": -0.20302416493012654,
      "std": 9.313415819511981
    },
    "paid_search": {
      "mean": 3.700316639187988,
      "std": 4.075636747341633
    },
    "tv": {
      "mean": 0.3798607771644793,
      "std": 10.286973882246611
    },
    "ooh": {
      "mean": 1.8012770517721468,
      "std": 3.425116150065398
    }
  },
  "per_participant_surprise": {
    "participant_1": {
      "ooh": 0.3263864372001518,
      "paid_search": 0.3263864372001518,
      "social": 0.3263864372001518,
      "tv": 0.3263864372001518
    },
    "participant_2": {
      "ooh": 0.3263864372001518,
      "paid_search": 0.3263864372001518,
      "social": 0.3263864372001518,
      "tv": 0.3263864372001518
    }
  },
  "epsilon_spent_per_participant": 0.6,
  "epsilon_spent_total": 1.2
}