{
  "round_num": 6,
  "global_summary": {
    "tv": {
      "mean": 3.6308459048513315,
      "std": 3.3361420788705214
    },
    "social": {
      "mean": -0.28603571564155716,
      "std": 4.164896261084766
    },
    "ooh": {
      "mean": 3.0780737174040276,
      "std": 4.016977282638042
    },
    "paid_search": {
      "mean": -2.055493099001072,
      "std": 0.7165293451088979
    }
  },
  "per_participant_surprise": {
    "participant_1": {
      "ooh": 0.3263864372001518,
      "paid_search": 0.3263864372001518,
      "social": 0.3263864372001518,
      "tv": 0.3263864372001518
    },
    "participant_2": {
      "ooh": 0.3263864372001518,
      "paid_search": 0.3263864372001518,
      "social": 0.3263864372001518,
      "tv": 0.3263864372001518
    }
  },
  "epsilon_spent_per_participant": 0.6,
  "epsilon_spent_total": 1.2
}