{
  "round_num": 1,
  "global_summary": {
    "paid_search": {
      "mean": 1.0095103979110718
    },
    "social": {
      "mean": -1.311082124710083
    },
    "tv": {
      "mean": -4.953906536102295
    },
    "ooh": {
      "mean": 6.2253031730651855
    }
  }
}