{
  "round_num": 1,
  "global_summary": {
    "paid_search": {
      "mean": 3.4004111289978027
    },
    "social": {
      "mean": 6.120971202850342
    },
    "tv": {
      "mean": 0.32879698276519775
    },
    "ooh": {
      "mean": -2.358879566192627
    }
  }
}