{
  "round_num": 6,
  "global_summary": {
    "social": {
      "mean": 4.746673552366319,
      "std": 4.190679464399208
    },
    "paid_search": {
      "mean": -7.161587082722329,
      "std": 2.266329105857245
    },
    "tv": {
      "mean": -6.385533388665465,
      "std": 2.1521907412050516
    },
    "ooh": {
      "mean": -3.768714618156343,
      "std": 2.442112881325206
    }
  },
  "per_participant_surprise": {
    "participant_1": {
      "ooh": 0.3263864372001518,
      "paid_search": 0.3263864372001518,
      "social": 0.3263864372001518,
      "tv": 0.3263864372001518
    },
    "participant_2": {
      "ooh": 0.3263864372001518,
      "paid_search": 0.3263864372001518,
      "social": 0.3263864372001518,
      "tv": 0.3263864372001518
    }
  },
  "epsilon_spent_per_participant": 0.6,
  "epsilon_spent_total": 1.2
}