{
  "round_num": 3,
  "global_summary": {
    "social": {
      "mean": 5.468901907664544,
      "std": 2.10659315988063
    },
    "paid_search": {
      "mean": -1.492641593588834,
      "std": 6.633821772218014
    },
    "tv": {
      "mean": 2.0816945106624485,
      "std": 2.578525118587342
    },
    "ooh": {
      "mean": 4.1175989109185736,
      "std": 1.50494959824524
    }
  },
  "per_participant_surprise": {
    "participant_1": {
      "ooh": 0.3263864372001518,
      "paid_search": 0.3263864372001518,
      "social": 0.3263864372001518,
      "tv": 0.3263864372001518
    },
    "participant_2": {
      "ooh": 0.3263864372001518,
      "paid_search": 0.3263864372001518,
      "social": 0.3263864372001518,
      "tv": 0.3263864372001518
    }
  },
  "epsilon_spent_per_participant": 0.6,
  "epsilon_spent_total": 1.2
}