{
  "round_num": 4,
  "global_summary": {
    "tv": {
      "mean": -8.99304930604525,
      "std": 4.866038933895375
    },
    "social": {
      "mean": -3.5296355603807696,
      "std": 4.011568122980233
    },
    "ooh": {
      "mean": -2.3176237703514015,
      "std": 5.1377251122995835
    },
    "paid_search": {
      "mean": 1.9353832296708016,
      "std": 2.3148361620895415
    }
  },
  "per_participant_surprise": {
    "participant_1": {
      "ooh": 0.3263864372001518,
      "paid_search": 0.3263864372001518,
      "social": 0.3263864372001518,
      "tv": 0.3263864372001518
    },
    "participant_2": {
      "ooh": 0.3263864372001518,
      "paid_search": 0.3263864372001518,
      "social": 0.3263864372001518,
      "tv": 0.3263864372001518
    }
  },
  "epsilon_spent_per_participant": 0.6,
  "epsilon_spent_total": 1.2
}