{
  "round_num": 8,
  "global_summary": {
    "social": {
      "mean": -3.5838037075117977,
      "std": 1.1449083053963556
    },
    "paid_search": {
      "mean": 5.267070356194441,
      "std": 5.8901578726847195
    },
    "tv": {
      "mean": 12.854129898830651,
      "std": 1.5867307762973881
    },
    "ooh": {
      "mean": 5.0964070880600865,
      "std": 0.2685814580525611
    }
  },
  "per_participant_surprise": {
    "participant_1": {
      "ooh": 0.3263864372001518,
      "paid_search": 0.3263864372001518,
      "social": 0.3263864372001518,
      "tv": 0.3263864372001518
    },
    "participant_2": {
      "ooh": 0.3263864372001518,
      "paid_search": 0.3263864372001518,
      "social": 0.3263864372001518,
      "tv": 0.3263864372001518
    }
  },
  "epsilon_spent_per_participant": 0.6,
  "epsilon_spent_total": 1.2
}