{
  "round_num": 1,
  "global_summary": {
    "paid_search": {
      "mean": -2.791898250579834
    },
    "social": {
      "mean": -4.786590099334717
    },
    "tv": {
      "mean": -5.083890914916992
    },
    "ooh": {
      "mean": -3.6959424018859863
    }
  }
}